MAE,RMSE,MAPE_percent
621.0480599373865,884.0452823117979,10.378602946158095
