Month,Forecast_Sales
2015-08,162763.65842581014
2015-09,159156.09609016342
2015-10,153480.1792207526
